{
    "hikes": [
        {
            "id": 1,
            "path": [[35.4178103,-82.7477285],[35.4178815,-82.7477315],[35.4179356,-82.7477421],[35.418282,-82.7478566],[35.4185277,-82.7479154],[35.4185928,-82.7479275],[35.4186432,-82.7479305],[35.4187206,-82.747926],[35.4189599,-82.7480033],[35.4192345,-82.7478794],[35.4193734,-82.747935],[35.419432,-82.7480676],[35.4197973,-82.7488596],[35.4198917,-82.749087],[35.4199207,-82.7492931],[35.4199901,-82.7495388],[35.4200041,-82.7496615],[35.4200129,-82.7498042],[35.4200343,-82.7498809],[35.4200911,-82.7499792],[35.4201424,-82.7500283],[35.4202503,-82.7500374],[35.4203293,-82.7500135],[35.4205162,-82.7499988],[35.4209009,-82.7499559],[35.4212004,-82.749729],[35.4216575,-82.7493352],[35.4218801,-82.7491834],[35.4223347,-82.748883],[35.4225243,-82.7487031],[35.4228305,-82.7485876],[35.4234188,-82.748883],[35.4238477,-82.7489206],[35.4240105,-82.7490483],[35.4241562,-82.7491209],[35.4244526,-82.7492796],[35.4247427,-82.7493813],[35.4249207,-82.7494389],[35.4251264,-82.7494935],[35.4251792,-82.7496029],[35.4252074,-82.7497226],[35.4252787,-82.7499705],[35.4252464,-82.7503577],[35.4250922,-82.750725],[35.4250703,-82.7508111],[35.4251089,-82.7508699],[35.4251677,-82.7508538],[35.425238,-82.7508964],[35.4252506,-82.7509912],[35.4252212,-82.7511058],[35.4251609,-82.7511944],[35.4250867,-82.751438],[35.4250124,-82.7516448],[35.4250028,-82.7518253],[35.4249729,-82.7520083],[35.4249451,-82.7521296],[35.4249476,-82.7521699],[35.4250092,-82.7522278],[35.4250142,-82.752291],[35.4250067,-82.7523669],[35.4250086,-82.75243],[35.4250259,-82.7525186],[35.4250269,-82.7526864],[35.4250194,-82.7528046],[35.4249863,-82.7528884],[35.4249802,-82.7529222],[35.4249442,-82.7530048],[35.4249354,-82.7530746],[35.4249419,-82.753161],[35.4249525,-82.7532613],[35.4249967,-82.7533009],[35.4250227,-82.7533364],[35.4250222,-82.753394],[35.4249974,-82.7534464],[35.4249629,-82.753473],[35.424963,-82.7535153],[35.4249926,-82.7535591],[35.4249913,-82.7536092],[35.425019,-82.7536543],[35.425073,-82.7536689],[35.4251008,-82.7537517],[35.4250275,-82.753947],[35.4248177,-82.7545478],[35.4244813,-82.7550932],[35.4239434,-82.7553632],[35.4238719,-82.7556565],[35.4238686,-82.7560399],[35.4239195,-82.7563568],[35.423931,-82.7564831],[35.423956,-82.7565453],[35.4239616,-82.7566137],[35.4240006,-82.7565858],[35.4240308,-82.7565405],[35.4241136,-82.7564492],[35.4241784,-82.7563445],[35.4241957,-82.7563432],[35.4242321,-82.7563029],[35.4242503,-82.7562887],[35.424273,-82.7562768],[35.4242878,-82.7562575],[35.4243135,-82.7562414],[35.4243581,-82.7562046],[35.4244305,-82.7561666],[35.4245051,-82.7561203],[35.4245317,-82.7561099],[35.4245783,-82.7561081],[35.4246033,-82.7561143],[35.4246069,-82.756129],[35.4246036,-82.7561468],[35.4245811,-82.756179],[35.4245801,-82.7562094],[35.4245621,-82.75627],[35.424564,-82.7563014],[35.4245515,-82.7563734],[35.4245568,-82.7564687],[35.4245664,-82.7565585],[35.4245989,-82.7566165],[35.4246445,-82.7566916],[35.4246708,-82.7567178],[35.4246876,-82.756728],[35.4247123,-82.7567213],[35.4247519,-82.7567003],[35.4248073,-82.7566772],[35.4248566,-82.756667],[35.4249648,-82.7566179],[35.4250115,-82.7565725],[35.4250838,-82.7564875],[35.4251218,-82.7564385],[35.425147,-82.7564474],[35.4251714,-82.7564578],[35.4252047,-82.7564551],[35.4252197,-82.7564843],[35.4252235,-82.7565047],[35.4252351,-82.7565098],[35.4252493,-82.7565233],[35.4252668,-82.756542],[35.425296,-82.7565493],[35.4253176,-82.7565403],[35.4253332,-82.7565296],[35.4253437,-82.7565409],[35.4253663,-82.7566174],[35.4253772,-82.7566507],[35.4253933,-82.7566668],[35.4254134,-82.7566852],[35.4254309,-82.7566889],[35.4254582,-82.7566891],[35.4255056,-82.7567175],[35.4255366,-82.7567365],[35.4256028,-82.7567333],[35.4256232,-82.756762],[35.4256358,-82.7567809],[35.4256384,-82.7567991],[35.4256441,-82.7568102],[35.4256437,-82.7568236],[35.4256368,-82.7568256],[35.4256163,-82.7568131]]
        }
    ]
}